[{"uid":"278cbfb4bf6c9c2","name":"test_simple_chat_responses[desktop-testdata3]","time":{"start":1761912559924,"stop":1761912632589,"duration":72665},"status":"passed","severity":"normal"},{"uid":"4e23feaf716c56dd","name":"test_chat_widget_loads[desktop]","time":{"start":1761913558592,"stop":1761913619553,"duration":60961},"status":"passed","severity":"normal"},{"uid":"df42041f9f37d106","name":"test_simple_chat_responses[mobile-testdata1]","time":{"start":1761913669784,"stop":1761913742957,"duration":73173},"status":"passed","severity":"normal"},{"uid":"2f520af0fc54abcb","name":"test_simple_chat_responses[desktop-testdata0]","time":{"start":1761912394557,"stop":1761912421846,"duration":27289},"status":"passed","severity":"normal"},{"uid":"4f1e9c80527bbd75","name":"test_simple_chat_responses[mobile-testdata8]","time":{"start":1761914741309,"stop":1761915042437,"duration":301128},"status":"broken","severity":"normal"},{"uid":"9e4793bf08eee2e4","name":"test_simple_chat_responses[desktop-testdata13]","time":{"start":1761913282691,"stop":1761913352042,"duration":69351},"status":"failed","severity":"normal"},{"uid":"d78516a320f30f31","name":"test_simple_chat_responses[desktop-testdata10]","time":{"start":1761913066753,"stop":1761913140650,"duration":73897},"status":"passed","severity":"normal"},{"uid":"568fedcef412764b","name":"test_simple_chat_responses[mobile-testdata4]","time":{"start":1761914155563,"stop":1761914238930,"duration":83367},"status":"passed","severity":"normal"},{"uid":"d7feca19b1e2e9a7","name":"test_simple_chat_responses[desktop-testdata4]","time":{"start":1761912632595,"stop":1761912712035,"duration":79440},"status":"passed","severity":"normal"},{"uid":"e60895e2cebacdcd","name":"test_simple_chat_responses[mobile-testdata10]","time":{"start":1761915227281,"stop":1761915392664,"duration":165383},"status":"passed","severity":"normal"},{"uid":"ca8d13dae5b4b49d","name":"test_simple_chat_responses[desktop-testdata9]","time":{"start":1761912998515,"stop":1761913066744,"duration":68229},"status":"passed","severity":"normal"},{"uid":"b746e8d952e7603","name":"test_simple_chat_responses[desktop-testdata7]","time":{"start":1761912848939,"stop":1761912917055,"duration":68116},"status":"failed","severity":"normal"},{"uid":"48d48eca481a0ebb","name":"test_simple_chat_responses[desktop-testdata4]","time":{"start":1761912319165,"stop":1761912368833,"duration":49668},"status":"passed","severity":"normal"},{"uid":"4896c556e9b9bba1","name":"test_simple_chat_responses[desktop-testdata12]","time":{"start":1761913213844,"stop":1761913282686,"duration":68842},"status":"passed","severity":"normal"},{"uid":"6cc28def93bf4084","name":"test_simple_chat_responses[mobile-testdata6]","time":{"start":1761914506037,"stop":1761914636440,"duration":130403},"status":"passed","severity":"normal"},{"uid":"b4ee66799d82b3a0","name":"test_simple_chat_responses[desktop-testdata8]","time":{"start":1761912917278,"stop":1761912998510,"duration":81232},"status":"passed","severity":"normal"},{"uid":"6b61a44b7ec08994","name":"test_simple_chat_responses[desktop-testdata14]","time":{"start":1761913352199,"stop":1761913421683,"duration":69484},"status":"failed","severity":"normal"},{"uid":"2931566f1d5a5eff","name":"test_malicious_prompt_block[desktop]","time":{"start":1761913490172,"stop":1761913558342,"duration":68170},"status":"failed","severity":"normal"},{"uid":"9d1ceac3ff47971a","name":"test_simple_chat_responses[mobile-testdata3]","time":{"start":1761914047110,"stop":1761914155556,"duration":108446},"status":"passed","severity":"normal"},{"uid":"4b330b5acb756cbd","name":"test_simple_chat_responses[desktop-testdata1]","time":{"start":1761912421849,"stop":1761912490724,"duration":68875},"status":"passed","severity":"normal"},{"uid":"b9c3a696f4524a84","name":"test_simple_chat_responses[desktop-testdata11]","time":{"start":1761913140656,"stop":1761913213834,"duration":73178},"status":"passed","severity":"normal"},{"uid":"f7bdc07a9a683145","name":"test_simple_chat_responses[mobile-testdata0]","time":{"start":1761913623275,"stop":1761913669549,"duration":46274},"status":"failed","severity":"normal"},{"uid":"3190cc58d5d63ddb","name":"test_simple_chat_responses[mobile-testdata2]","time":{"start":1761913742964,"stop":1761914044040,"duration":301076},"status":"broken","severity":"normal"},{"uid":"139ec33a4c20bc3f","name":"test_simple_chat_responses[desktop-testdata5]","time":{"start":1761912712041,"stop":1761912780250,"duration":68209},"status":"passed","severity":"normal"},{"uid":"2e3d5ae24deb56dc","name":"test_simple_chat_responses[desktop-testdata6]","time":{"start":1761912780256,"stop":1761912848932,"duration":68676},"status":"passed","severity":"normal"},{"uid":"4f9d18efd2998bc2","name":"test_simple_chat_responses[mobile-testdata9]","time":{"start":1761915061094,"stop":1761915227277,"duration":166183},"status":"passed","severity":"normal"},{"uid":"7159f21613bc3b52","name":"test_simple_chat_responses[mobile-testdata7]","time":{"start":1761914636444,"stop":1761914741162,"duration":104718},"status":"failed","severity":"normal"},{"uid":"d7b65c8ed4e0897d","name":"test_security_input_sanitization[desktop]","time":{"start":1761913421870,"stop":1761913490168,"duration":68298},"status":"passed","severity":"normal"},{"uid":"bcada4112d4950b0","name":"test_simple_chat_responses[mobile-testdata5]","time":{"start":1761914238937,"stop":1761914506027,"duration":267090},"status":"passed","severity":"normal"},{"uid":"7486a0e541fde758","name":"test_simple_chat_responses[desktop-testdata2]","time":{"start":1761912490732,"stop":1761912559917,"duration":69185},"status":"passed","severity":"normal"}]