{"uid":"b1a8273437954620fa374b796ffaacdd","name":"behaviors","children":[{"name":"test_simple_chat_responses[desktop-testdata4]","uid":"48d48eca481a0ebb","parentUid":"b1a8273437954620fa374b796ffaacdd","status":"passed","time":{"start":1761912319165,"stop":1761912368833,"duration":49668},"flaky":false,"newFailed":false,"newPassed":false,"newBroken":false,"retriesCount":0,"retriesStatusChange":false,"parameters":["'desktop'","{'prompt_en': 'What is your name?', 'expected_en': 'My name is GovGPT, your government information assistant.'}"],"tags":[]},{"name":"test_simple_chat_responses[desktop-testdata0]","uid":"2f520af0fc54abcb","parentUid":"b1a8273437954620fa374b796ffaacdd","status":"passed","time":{"start":1761912394557,"stop":1761912421846,"duration":27289},"flaky":false,"newFailed":false,"newPassed":false,"newBroken":false,"retriesCount":1,"retriesStatusChange":true,"parameters":["'desktop'","{'prompt_en': 'What are UAE government services?', 'expected_en': 'The UAE government offers a wide range of services including Emirates ID issuance, passport renewal, visa processing, healthcare registration, and business licensing. Most of these are available through the UAE digital government portal.'}"],"tags":[]},{"name":"test_simple_chat_responses[desktop-testdata1]","uid":"4b330b5acb756cbd","parentUid":"b1a8273437954620fa374b796ffaacdd","status":"passed","time":{"start":1761912421849,"stop":1761912490724,"duration":68875},"flaky":false,"newFailed":false,"newPassed":false,"newBroken":false,"retriesCount":1,"retriesStatusChange":true,"parameters":["'desktop'","{'prompt_en': 'Who are you?', 'expected_en': 'I am GovGPT, an AI assistant created to give clear, accurate, and culturally respectful answers to your questions — especially about government operations, Emirati culture, and Islamic values.'}"],"tags":[]},{"name":"test_simple_chat_responses[desktop-testdata2]","uid":"7486a0e541fde758","parentUid":"b1a8273437954620fa374b796ffaacdd","status":"passed","time":{"start":1761912490732,"stop":1761912559917,"duration":69185},"flaky":false,"newFailed":false,"newPassed":false,"newBroken":false,"retriesCount":1,"retriesStatusChange":true,"parameters":["'desktop'","{'prompt_en': 'Hello', 'expected_en': 'Hello! How can I help you today? If you have any questions about government operations, Emirati culture, or need definitions or information, just let me know.'}"],"tags":[]},{"name":"test_simple_chat_responses[desktop-testdata3]","uid":"278cbfb4bf6c9c2","parentUid":"b1a8273437954620fa374b796ffaacdd","status":"passed","time":{"start":1761912559924,"stop":1761912632589,"duration":72665},"flaky":false,"newFailed":false,"newPassed":false,"newBroken":false,"retriesCount":1,"retriesStatusChange":true,"parameters":["'desktop'","{'prompt_en': 'Tell me about UAE culture', 'expected_en': 'The UAE culture is rooted in Arab and Islamic traditions that value hospitality, respect, and family. It beautifully combines modern progress with a deep appreciation for heritage.'}"],"tags":[]},{"name":"test_simple_chat_responses[desktop-testdata4]","uid":"d7feca19b1e2e9a7","parentUid":"b1a8273437954620fa374b796ffaacdd","status":"passed","time":{"start":1761912632595,"stop":1761912712035,"duration":79440},"flaky":false,"newFailed":false,"newPassed":false,"newBroken":false,"retriesCount":0,"retriesStatusChange":false,"parameters":["'desktop'","{'prompt_en': 'What is your name?', 'expected_en': 'My name is GovGPT, your government information assistant.'}"],"tags":[]},{"name":"test_simple_chat_responses[desktop-testdata5]","uid":"139ec33a4c20bc3f","parentUid":"b1a8273437954620fa374b796ffaacdd","status":"passed","time":{"start":1761912712041,"stop":1761912780250,"duration":68209},"flaky":false,"newFailed":false,"newPassed":false,"newBroken":false,"retriesCount":0,"retriesStatusChange":false,"parameters":["'desktop'","{'prompt_en': 'asdfghjk', 'expected_en': 'Sorry, I didn’t understand that. Please try again or ask your question differently.'}"],"tags":[]},{"name":"test_simple_chat_responses[desktop-testdata6]","uid":"2e3d5ae24deb56dc","parentUid":"b1a8273437954620fa374b796ffaacdd","status":"passed","time":{"start":1761912780256,"stop":1761912848932,"duration":68676},"flaky":false,"newFailed":false,"newPassed":false,"newBroken":false,"retriesCount":0,"retriesStatusChange":false,"parameters":["'desktop'","{'prompt_en': 'simulate_api_failure', 'expected_en': 'Sorry, I’m having trouble responding right now. Please try again later.'}"],"tags":[]},{"name":"test_simple_chat_responses[desktop-testdata7]","uid":"b746e8d952e7603","parentUid":"b1a8273437954620fa374b796ffaacdd","status":"failed","time":{"start":1761912848939,"stop":1761912917055,"duration":68116},"flaky":false,"newFailed":false,"newPassed":false,"newBroken":false,"retriesCount":0,"retriesStatusChange":false,"parameters":["'desktop'","{'prompt_en': 'simulate_slow_response', 'expected_en': 'Loading...'}"],"tags":[]},{"name":"test_simple_chat_responses[desktop-testdata8]","uid":"b4ee66799d82b3a0","parentUid":"b1a8273437954620fa374b796ffaacdd","status":"passed","time":{"start":1761912917278,"stop":1761912998510,"duration":81232},"flaky":false,"newFailed":false,"newPassed":false,"newBroken":false,"retriesCount":0,"retriesStatusChange":false,"parameters":["'desktop'","{'prompt_ar': 'مرحبا', 'expected_ar': 'مرحبًا! كيف يمكنني مساعدتك اليوم؟ إذا كان لديك أي سؤال حول العمليات الحكومية أو الثقافة الإماراتية أو أي موضوع آخر، يرجى طرحه وسأكون سعيدًا بالإجابة.'}"],"tags":[]},{"name":"test_simple_chat_responses[desktop-testdata9]","uid":"ca8d13dae5b4b49d","parentUid":"b1a8273437954620fa374b796ffaacdd","status":"passed","time":{"start":1761912998515,"stop":1761913066744,"duration":68229},"flaky":false,"newFailed":false,"newPassed":false,"newBroken":false,"retriesCount":0,"retriesStatusChange":false,"parameters":["'desktop'","{'prompt_ar': 'من أنت؟', 'expected_ar': 'أنا GovGPT، مساعد ذكي مصمم لتقديم إجابات دقيقة وواضحة تحترم القيم الإسلامية والثقافة الإماراتية، خاصة في ما يتعلق بالعمليات الحكومية أو أي استفسارات عامة أخرى.'}"],"tags":[]},{"name":"test_simple_chat_responses[desktop-testdata10]","uid":"d78516a320f30f31","parentUid":"b1a8273437954620fa374b796ffaacdd","status":"passed","time":{"start":1761913066753,"stop":1761913140650,"duration":73897},"flaky":false,"newFailed":false,"newPassed":false,"newBroken":false,"retriesCount":0,"retriesStatusChange":false,"parameters":["'desktop'","{'prompt_ar': 'ما هي الخدمات الحكومية في الإمارات؟', 'expected_ar': 'تقدم الحكومة الإماراتية مجموعة واسعة من الخدمات مثل إصدار الهوية الإماراتية، تجديد جواز السفر، معالجة التأشيرات، التسجيل الصحي، وترخيص الأعمال، ويمكن الوصول إليها عبر البوابة الحكومية الرقمية الرسمية.'}"],"tags":[]},{"name":"test_simple_chat_responses[desktop-testdata11]","uid":"b9c3a696f4524a84","parentUid":"b1a8273437954620fa374b796ffaacdd","status":"passed","time":{"start":1761913140656,"stop":1761913213834,"duration":73178},"flaky":false,"newFailed":false,"newPassed":false,"newBroken":false,"retriesCount":0,"retriesStatusChange":false,"parameters":["'desktop'","{'prompt_ar': 'حدثني عن ثقافة الإمارات', 'expected_ar': 'الثقافة الإماراتية متجذرة في التقاليد العربية والإسلامية، وتركز على الكرم والاحترام وروابط الأسرة، وتعكس مزيجًا من التقدم الحديث والتراث التقليدي.'}"],"tags":[]},{"name":"test_simple_chat_responses[desktop-testdata12]","uid":"4896c556e9b9bba1","parentUid":"b1a8273437954620fa374b796ffaacdd","status":"passed","time":{"start":1761913213844,"stop":1761913282686,"duration":68842},"flaky":false,"newFailed":false,"newPassed":false,"newBroken":false,"retriesCount":0,"retriesStatusChange":false,"parameters":["'desktop'","{'prompt_ar': 'ما اسمك؟', 'expected_ar': 'اسمي GovGPT، مساعدك الذكي للمعلومات الحكومية.'}"],"tags":[]},{"name":"test_simple_chat_responses[desktop-testdata13]","uid":"9e4793bf08eee2e4","parentUid":"b1a8273437954620fa374b796ffaacdd","status":"failed","time":{"start":1761913282691,"stop":1761913352042,"duration":69351},"flaky":false,"newFailed":false,"newPassed":false,"newBroken":false,"retriesCount":0,"retriesStatusChange":false,"parameters":["'desktop'","{'prompt_ar': 'اختبر الاتجاه', 'expected_ar': 'واجهة المستخدم باللغة العربية يجب أن تكون من اليمين إلى اليسار (RTL).'}"],"tags":[]},{"name":"test_simple_chat_responses[desktop-testdata14]","uid":"6b61a44b7ec08994","parentUid":"b1a8273437954620fa374b796ffaacdd","status":"failed","time":{"start":1761913352199,"stop":1761913421683,"duration":69484},"flaky":false,"newFailed":false,"newPassed":false,"newBroken":false,"retriesCount":0,"retriesStatusChange":false,"parameters":["'desktop'","{'prompt_ar': 'رموز عشوائية', 'expected_ar': 'عذرًا، لم أفهم ذلك. يرجى المحاولة مرة أخرى أو طرح سؤالك بطريقة مختلفة.'}"],"tags":[]},{"name":"test_security_input_sanitization[desktop]","uid":"d7b65c8ed4e0897d","parentUid":"b1a8273437954620fa374b796ffaacdd","status":"passed","time":{"start":1761913421870,"stop":1761913490168,"duration":68298},"flaky":false,"newFailed":false,"newPassed":false,"newBroken":false,"retriesCount":0,"retriesStatusChange":false,"parameters":["'desktop'"],"tags":[]},{"name":"test_malicious_prompt_block[desktop]","uid":"2931566f1d5a5eff","parentUid":"b1a8273437954620fa374b796ffaacdd","status":"failed","time":{"start":1761913490172,"stop":1761913558342,"duration":68170},"flaky":false,"newFailed":false,"newPassed":false,"newBroken":false,"retriesCount":0,"retriesStatusChange":false,"parameters":["'desktop'"],"tags":[]},{"name":"test_chat_widget_loads[desktop]","uid":"4e23feaf716c56dd","parentUid":"b1a8273437954620fa374b796ffaacdd","status":"passed","time":{"start":1761913558592,"stop":1761913619553,"duration":60961},"flaky":false,"newFailed":false,"newPassed":false,"newBroken":false,"retriesCount":0,"retriesStatusChange":false,"parameters":["'desktop'"],"tags":[]},{"name":"test_simple_chat_responses[mobile-testdata0]","uid":"f7bdc07a9a683145","parentUid":"b1a8273437954620fa374b796ffaacdd","status":"failed","time":{"start":1761913623275,"stop":1761913669549,"duration":46274},"flaky":false,"newFailed":false,"newPassed":false,"newBroken":false,"retriesCount":0,"retriesStatusChange":false,"parameters":["'mobile'","{'prompt_en': 'What are UAE government services?', 'expected_en': 'The UAE government offers a wide range of services including Emirates ID issuance, passport renewal, visa processing, healthcare registration, and business licensing. Most of these are available through the UAE digital government portal.'}"],"tags":[]},{"name":"test_simple_chat_responses[mobile-testdata1]","uid":"df42041f9f37d106","parentUid":"b1a8273437954620fa374b796ffaacdd","status":"passed","time":{"start":1761913669784,"stop":1761913742957,"duration":73173},"flaky":false,"newFailed":false,"newPassed":false,"newBroken":false,"retriesCount":0,"retriesStatusChange":false,"parameters":["'mobile'","{'prompt_en': 'Who are you?', 'expected_en': 'I am GovGPT, an AI assistant created to give clear, accurate, and culturally respectful answers to your questions — especially about government operations, Emirati culture, and Islamic values.'}"],"tags":[]},{"name":"test_simple_chat_responses[mobile-testdata2]","uid":"3190cc58d5d63ddb","parentUid":"b1a8273437954620fa374b796ffaacdd","status":"broken","time":{"start":1761913742964,"stop":1761914044040,"duration":301076},"flaky":false,"newFailed":false,"newPassed":false,"newBroken":false,"retriesCount":0,"retriesStatusChange":false,"parameters":["'mobile'","{'prompt_en': 'Hello', 'expected_en': 'Hello! How can I help you today? If you have any questions about government operations, Emirati culture, or need definitions or information, just let me know.'}"],"tags":[]},{"name":"test_simple_chat_responses[mobile-testdata3]","uid":"9d1ceac3ff47971a","parentUid":"b1a8273437954620fa374b796ffaacdd","status":"passed","time":{"start":1761914047110,"stop":1761914155556,"duration":108446},"flaky":false,"newFailed":false,"newPassed":false,"newBroken":false,"retriesCount":0,"retriesStatusChange":false,"parameters":["'mobile'","{'prompt_en': 'Tell me about UAE culture', 'expected_en': 'The UAE culture is rooted in Arab and Islamic traditions that value hospitality, respect, and family. It beautifully combines modern progress with a deep appreciation for heritage.'}"],"tags":[]},{"name":"test_simple_chat_responses[mobile-testdata4]","uid":"568fedcef412764b","parentUid":"b1a8273437954620fa374b796ffaacdd","status":"passed","time":{"start":1761914155563,"stop":1761914238930,"duration":83367},"flaky":false,"newFailed":false,"newPassed":false,"newBroken":false,"retriesCount":0,"retriesStatusChange":false,"parameters":["'mobile'","{'prompt_en': 'What is your name?', 'expected_en': 'My name is GovGPT, your government information assistant.'}"],"tags":[]},{"name":"test_simple_chat_responses[mobile-testdata5]","uid":"bcada4112d4950b0","parentUid":"b1a8273437954620fa374b796ffaacdd","status":"passed","time":{"start":1761914238937,"stop":1761914506027,"duration":267090},"flaky":false,"newFailed":false,"newPassed":false,"newBroken":false,"retriesCount":0,"retriesStatusChange":false,"parameters":["'mobile'","{'prompt_en': 'asdfghjk', 'expected_en': 'Sorry, I didn’t understand that. Please try again or ask your question differently.'}"],"tags":[]},{"name":"test_simple_chat_responses[mobile-testdata6]","uid":"6cc28def93bf4084","parentUid":"b1a8273437954620fa374b796ffaacdd","status":"passed","time":{"start":1761914506037,"stop":1761914636440,"duration":130403},"flaky":false,"newFailed":false,"newPassed":false,"newBroken":false,"retriesCount":0,"retriesStatusChange":false,"parameters":["'mobile'","{'prompt_en': 'simulate_api_failure', 'expected_en': 'Sorry, I’m having trouble responding right now. Please try again later.'}"],"tags":[]},{"name":"test_simple_chat_responses[mobile-testdata7]","uid":"7159f21613bc3b52","parentUid":"b1a8273437954620fa374b796ffaacdd","status":"failed","time":{"start":1761914636444,"stop":1761914741162,"duration":104718},"flaky":false,"newFailed":false,"newPassed":false,"newBroken":false,"retriesCount":0,"retriesStatusChange":false,"parameters":["'mobile'","{'prompt_en': 'simulate_slow_response', 'expected_en': 'Loading...'}"],"tags":[]},{"name":"test_simple_chat_responses[mobile-testdata8]","uid":"4f1e9c80527bbd75","parentUid":"b1a8273437954620fa374b796ffaacdd","status":"broken","time":{"start":1761914741309,"stop":1761915042437,"duration":301128},"flaky":false,"newFailed":false,"newPassed":false,"newBroken":false,"retriesCount":0,"retriesStatusChange":false,"parameters":["'mobile'","{'prompt_ar': 'مرحبا', 'expected_ar': 'مرحبًا! كيف يمكنني مساعدتك اليوم؟ إذا كان لديك أي سؤال حول العمليات الحكومية أو الثقافة الإماراتية أو أي موضوع آخر، يرجى طرحه وسأكون سعيدًا بالإجابة.'}"],"tags":[]},{"name":"test_simple_chat_responses[mobile-testdata9]","uid":"4f9d18efd2998bc2","parentUid":"b1a8273437954620fa374b796ffaacdd","status":"passed","time":{"start":1761915061094,"stop":1761915227277,"duration":166183},"flaky":false,"newFailed":false,"newPassed":false,"newBroken":false,"retriesCount":0,"retriesStatusChange":false,"parameters":["'mobile'","{'prompt_ar': 'من أنت؟', 'expected_ar': 'أنا GovGPT، مساعد ذكي مصمم لتقديم إجابات دقيقة وواضحة تحترم القيم الإسلامية والثقافة الإماراتية، خاصة في ما يتعلق بالعمليات الحكومية أو أي استفسارات عامة أخرى.'}"],"tags":[]},{"name":"test_simple_chat_responses[mobile-testdata10]","uid":"e60895e2cebacdcd","parentUid":"b1a8273437954620fa374b796ffaacdd","status":"passed","time":{"start":1761915227281,"stop":1761915392664,"duration":165383},"flaky":false,"newFailed":false,"newPassed":false,"newBroken":false,"retriesCount":0,"retriesStatusChange":false,"parameters":["'mobile'","{'prompt_ar': 'ما هي الخدمات الحكومية في الإمارات؟', 'expected_ar': 'تقدم الحكومة الإماراتية مجموعة واسعة من الخدمات مثل إصدار الهوية الإماراتية، تجديد جواز السفر، معالجة التأشيرات، التسجيل الصحي، وترخيص الأعمال، ويمكن الوصول إليها عبر البوابة الحكومية الرقمية الرسمية.'}"],"tags":[]}]}